text,y_true,y_pred
can you plz tell me the ans bslvyl sent via fullonsmscom,0,0
you intrepid duo you have a great time and see you both soon,0,0
r u in this continent,0,0
cool want me to go to kappa or should i meet you outside mu,0,0
im meeting darren,0,0
then u better go sleep dun disturb u liao u wake up then msg me lor,0,0
aight yo dats straight dogg,0,0
hey do you want anything to buy,0,0
no worries hope photo shoot went well have a spiffing fun at workage,0,0
sir you will receive the account no another hr time sorry for the delay,0,0
yo theres no class tmrw right,0,0
greetings me consider yourself excused,0,0
i will vote for wherever my heart guides me,0,0
an excellent thought by a misundrstud frnd i knw u hate me bt the day wen ull knw the truth ull hate urself gn,0,0
discussed with your mother ah,0,0
yo come over carlos will be here soon,0,0
said kiss kiss i cant do the sound effects he is a gorgeous man isnt he kind of person who needs a smile to brighten his day,0,0
im tired of arguing with you about this week after week do what you want and from now on ill do the same,0,0
yup i thk cine is better cos no need go down plaza mah,0,0
or remind me in a few hrs,0,0
yay finally lol i missed our cinema trip last week,0,0
just sent it so what type of food do you like,0,0
call me when u finish then i come n pick u,0,0
i came hostel i m going to sleep plz call me up before class hrishi,0,0
im watching lotr w my sis dis aft so u wan meet me dinner at nite a not,0,0
you have won a guaranteed £ award or even £ cashto claim ur award call free on stop getstop on php,1,1
this is a long fuckin showr,0,0
so how many days since then,0,0
warner village c colin farrell in swat this wkend warner village get free med popcornjust show msgticketkioskvalid c tc kiosk reply sony mre film offers,1,0
do u hav any frnd by name ashwini in ur college,0,0
not really dude have no friends im afraid,0,0
prepare to be pounded every night,0,0
im glad you are following your dreams,0,0
lol oops sorry have fun,0,0
nope since ayo travelled he has forgotten his guy,0,0
or ill be a little closer like at the bus stop on the same street,0,0
lemme know when i can swing by and pick up im free basically any time after all this semester,0,0
by the way rencontre is to meet again mountains dont,0,0
had your mobile mths update to latest orange cameravideo phones for free save £s with free textsweekend calls text yes for a callback orno to opt out,1,1
ceri u rebel sweet dreamz me little buddy c ya moro who needs blokes,0,0
yo my trip got postponed you still stocked up,0,0
you give us back my id proof and ltgt rs we wont allow you to work we will come to your home within days,0,0
whom you waited for yesterday,0,0
its ok my arm is feeling weak cuz i got a shot so we can go another time,0,0
double eviction this week spiral and michael and good riddance to them,0,0
knock knock txt whose there to to enter r weekly draw a £ gift voucher a store of yr choice tcs wwwtklscom age to stoptxtstop£ week,1,1
you said to me before i went back to bed that you cant sleep for anything,0,0
have got few things to do may be in pub later,0,0
but im on a diet and i ate too many slices of pizza yesterday ugh im always on a diet,0,0
fwiw the reason im only around when its time to smoke is that because of gas i can only afford to be around when someone tells me to be and that apparently only happens when somebody wants to light up,0,0
i think that tantrums finished so yeah ill be by at some point,0,0
win a £ cash prize or a prize worth £,1,1
ill b down soon,0,0
yeah we do totes when u wanna,0,0
thats y i said its bad dat all e gals know u wat u doing now,0,0
how are you its been ages hows abj,0,0
ooooooh i forgot to tell u i can get on yoville on my phone,0,0
want to send me a virtual hug i need one,0,0
hey you gave them your photo when you registered for driving ah tmr wanna meet at yck,0,0
huh but i cant go ur house empty handed right,0,0
when did dad get back,0,0
yeah i should be able to ill text you when im ready to meet up,0,0
ill be in sch fr i dun haf da book in sch its at home,0,0
you will be receiving this weeks triple echo ringtone shortly enjoy it,1,0
urgent please call your abta complimentary spanish holiday or £ cash await collection sae tcs box po ez ppm,1,1
tomarrow i want to got to court at ltdecimalgt so you come to bus stand at,0,0
when did you get to the library,0,0
haha awesome i might need to take you up on that what you doin tonight,0,0
a boy loved a gal he propsd bt she didnt mind he gv lv lttrs bt her frnds threw thm again d boy decided aproach d gal dt time a truck was speeding towards d gal wn it was about hit d girld boy ran like hell n saved her she asked hw cn u run so fast d boy replied boost is d secret of my energy n instantly d girl shouted our energy n thy lived happily gthr drinking boost evrydy moral of d story i hv free msgsd gud ni,0,0
mila age blonde new in uk i look sex with uk guys if u like fun with me text mtalk to pptxt st free £ increments help,1,0
i hope you know im still mad at you,0,0
hi dear we saw dear we both are happy where you my battery is low,0,0
tmobile customer you may now claim your free camera phone upgrade a pay go sim card for your loyalty call on offer ends thfebtcs apply,1,1
oh ok wait me there my lect havent finish,0,0
wonders in my world th you th ur style th ur smile th ur personality rd ur nature nd ur sms and st ur lovely friendship good morning dear,0,0
have you finished work yet,0,0
had your contract mobile mnths latest motorola nokia etc all free double mins text on orange tariffs text yes for callback no to remove from records,1,1
thanks your continued support your question this week will enter u in our draw £ cash name the new us president txt ans to,1,0
hiya had a good day have you spoken to since the weekend,0,0
i am on the way to ur home,0,0
i wonder how you got online my love had you gone to the net cafe did you get your phone recharged were you on a friends net i think of you boytoy,0,0
where are you what are you doing are yuou working on getting the pc to your moms did you find a spot that it would work i need you,0,0
stupid auto correct on my phone,0,0
now press conference da,0,0
so no messages had food,0,0
and how you will do that princess,0,0
sir i am waiting for your call once free please call me,0,0
say thanks,0,0
kindly send some one to our flat before ltdecimalgt today,0,0
meanwhile in the shit suite xavier decided to give us ltgt seconds of warning that samantha was coming over and is playing jays guitar to impress her or some shit also i dont think doug realizes i dont live here anymore,0,0
ok take ur time n enjoy ur dinner,0,0
awesome question with a cute answer someone asked a boy how is ur life he smiled amp answered she is fine gudnite,0,0
hope you are having a good week just checking in,0,0
i have no money steve mate,0,0
i can send you a pic if you like,0,0
mm feeling sleepy today itself i shall get that dear,0,0
nothing really just making sure everybodys up to speed,0,0
hey doc pls i want to get nice t shirt for my hubby nice fiting ones my budget is ltgt k help pls i will load d card abi hwkeep me posted luv mj,0,0
this is wishing you a great day moji told me about your offer and as always i was speechless you offer so easily to go to great lengths on my behalf and its stunning my exam is next friday after that i will keep in touch more sorry,0,0
ok not much to do here though hm friday cant wait dunno wot the hell im gonna do for another weeks become a slob oh wait already done that,0,0
no rushing im not working im in school so if we rush we go hungry,0,0
oops i was in the shower when u called hey a parking garage collapsed at university hospital see im not crazy stuff like that does happen,0,0
they didt play one day last year know even though they have very good team like india,0,0
okay no no just shining on that was meant to be signing but that sounds better,0,0
hi chachi tried calling u now unable to reach u pl give me a missed cal once u c tiz msg kanagu,0,0
i career tel have added u as a contact on indyarockscom to send free sms to remove from phonebook sms no to ltgt,0,0
its a part of checking iq,0,0
free game get rayman golf free from the o games arcade st get ur games settings reply post then save activ press key for arcade termsapply,1,1
thats my honeymoon outfit,0,0
den only weekdays got special price haiz cant eat liao cut nails oso muz wait until i finish drivin wat lunch still muz eat wat,0,0
u dont remember that old commercial,0,0
in fact when do you leave i think addie goes back to school tues or wed,0,0
ha ha cool cool chikku chikkudb,0,0
hi darlin did youphone me im athome if youwanna chat,0,0
can u get phone now i wanna chat set up meet call me now on u can cum here moro luv jane xx calls£ minmoremobsemspobox po wa,1,0
customer service annoncement you have a new years delivery waiting for you please call now to arrange delivery,1,1
juz go google n search qet,0,0
my exwife was not able to have kids do you want kids one day,0,0
look at amy ure a beautiful intelligent woman and i like u a lot i know u dont like me like that so dont worry,0,0
aiyah then i wait lor then u entertain me hee,0,0
so that means you still think of teju,0,0
got c i lazy to type i forgot ü in lect i saw a pouch but like not v nice,0,0
im working technical support voice processnetworking field,0,0
i gotta collect da car at lei,0,0
did he say how fantastic i am by any chance or anything need a bigger life lift as losing the will live do you think i would be the first person die from n v q,0,0
ps u no ur a grown up now right,0,0
ü wait me in sch i finish ard,0,0
this pay is ltdecimalgt lakhs,0,0
what you thinked about me first time you saw me in class,0,0
wat makes some people dearer is not just de happiness dat u feel when u meet them but de pain u feel when u miss dem,0,0
we are supposed to meet to discuss abt our trip thought xuhui told you in the afternoon thought we can go for lesson after that,0,0
therere some people by mu im at the table by lambda,0,0
are we doing the norm tomorrow i finish just a cos of st tests need to sort library stuff out at some point tomo got letter from today access til end march so i better get move on,0,0
hi shanilrakhesh herethanksi have exchanged the uncut diamond stuffleaving back excellent service by dino and prem,0,0
awesome be there in a minute,0,0
even my brother is not like to speak with me they treat me like aids patent,0,0
that day ü say ü cut ur hair at paragon is it called hair sense do ü noe how much is a hair cut,0,0
i am taking half day leave bec i am not well,0,0
this message is free welcome to the new improved sex dogging club to unsubscribe from this service reply stop msgs p only,1,1
p alfie moons children in need song on ur mob tell ur m s txt tone charity to for nokias or poly charity for polys zed profit charity,1,1
happy birthday may u find ur prince charming soon n dun work too hard,0,0
good night my dear sleepwellamptake care,0,0
im going out to buy mums present ar,0,0
i dont have that much image in class,0,0
ssnervous ltgt,0,0
ü only send me the contents page,0,0
ok lor but not too early me still having project meeting now,0,0
lol i have to take it member how i said my aunt flow didnt visit for months its cause i developed ovarian cysts bc is the only way to shrink them,0,0
oh lk tt den we take e one tt ends at cine lor dun wan yogasana oso can,0,0
im in chennai velachery,0,0
sure but make sure he knows we aint smokin yet,0,0
message important information for o user today is your lucky day find out why log onto httpwwwurawinnercom there is a fantastic surprise awaiting you,1,1
ill see if i can swing by in a bit got some things to take care of here firsg,0,0
derp which is worse a dude who always wants to party or a dude who files a complaint about the three drug abusers he lives with,0,0
thk some of em find wtc too far weiyi not goin e rest i dunno yet r ur goin dinner den i might b able to join,0,0
moby pub quizwin a £ high street prize if u know who the new duchess of cornwall will be txt her first name to unsub stop £ sp arrow,1,0
tension face smiling face waste face innocent face terror face cruel face romantic face lovable face decent face ltgt joker face,0,0
lol ok your forgiven,0,0
wat time do u wan meet me later,0,0
same here but i consider walls and bunkers and shit important just because i never play on peaceful but i guess your place is high enough that it dont matter,0,0
stupidits not possible,0,0
that depends how would you like to be treated,0,0
hey do u fancy meetin me at at cha  hav a lil beverage on me if not txt or ring me and we can meet up l r quite tired got in at vpist love pete x x x,0,0
even i cant close my eyes you are in me our vava playing umma d,0,0
it‘s £ to get in is that ok,0,0
carry on not disturbing both of you,0,0
its a taxt massagetiepos argh ok lool,0,0
geeeee i love you so much i can barely stand it,0,0
please reserve ticket on saturday eve from chennai to thirunelvali and again from tirunelvali to chennai on sunday evei already see in netno ticket availablei want to book ticket through tackle,0,0
dunno da next show aft is toa payoh got,0,0
hope you are feeling great pls fill me in abiola,0,0
enjoy ur life good night,0,0
me too mark is taking forever to pick up my prescription and the pain is coming back,0,0
i tot u outside cos darren say u come shopping of course we nice wat we jus went sim lim look at mp player,0,0
can you just come in for a sec theres somebody here i want you to see,0,0
that way transport is less problematic than on sat night by the way if u want to ask n to join my bday feel free but need to know definite nos as booking on fri,0,0
ok i msg u b i leave my house,0,0
hows it going got any exciting karaoke type activities planned im debating whether to play football this eve feeling lazy though,0,0
ü no home work to do meh,0,0
dude while were makin those weirdy brownies my sister made awesome cookies i took pics,0,0
ok thanx gd nite ü too,0,0
haha mayb ure rite u know me well da feeling of being liked by someone is gd lor u faster go find one then all gals in our group attached liao,0,1
arun can u transfr me d amt,0,0
and by when youre done i mean now,0,0
im at home please call,0,0
minimum walk is miles a day,0,0
st wk free gr tones str u each wk txt nokia on to for classic nokia tones or hit on to for polys nokia p poly p,1,1
sorry i cant text amp drive coherently see you in twenty,0,0
and hows your husband,0,0
hi elaine is todays meeting confirmed,0,0
tomarrow final hearing on my laptop case so i cant,0,0
wat makes u thk ill fall down but actually i thk im quite prone falls lucky my dad at home i ask him come n fetch me already,0,0
see the forwarding message for proof,0,0
ü takin linear algebra today,0,0
eat at old airport road but now oredi got a lot of pple,0,0
how much i gave to you morning,0,0
where do you need to go to get it,0,0
its worse if if uses half way then stops its better for him to complete it,0,0
i think asking for a gym is the excuse for lazy people i jog,0,0
call from tells u call to claim £ prize u have enter all ur mobile personal details the prompts careful,1,1
ur cashbalance is currently pounds to maximize ur cashin now send cash to only pmsg cc po box tcrw,1,1
hot live fantasies call now just p per min ntt ltd po box croydon cr wb is a national rate call,1,1
you will be in the place of that man,0,0
dont flatter yourself tell that man of mine two pints of carlin in ten minutes please,0,0
how u doin baby girl hope u are okay every time i call ure phone is off i miss u get in touch,0,0
complimentary star ibiza holiday or £ cash needs your urgent collection now from landline not to lose out box sk wp ppm,1,1
lord of the ringsreturn of the king in store nowreply lotr by june chance win lotr soundtrack cds stdtxtrate reply stop to end txts,1,1
so why didnt you holla,0,0
i forgot ask ü all smth theres a card on da present lei how ü all want write smth or sign on it,0,0
senthil group company apnt pm,0,0
oh kafter that placement there ah,0,0
hey das cool iknow all wellda peril of studentfinancial crisisspk u l r,0,0
if you ask her or she say any please message,0,0
babe im answering you cant you see me maybe youd better reboot ym i got the photo its great,0,0
dont forget who owns you and whos private property you are and be my good boy always passionate kiss,0,0
i know that my friend already told that,0,0
no chikku nt yet ya im free,0,0
oh my god ive found your number again im so glad text me back xafter this msgs cst std ntwk chg £,1,0
ladies first and genus second k,0,0
what is your record for one night,0,0
dude whats up how teresa hope you have been okay when i didnt hear from these people i called them and they had received the package since dec ltgt just thot yould like to know do have a fantastic year and all the best with your reading plus if you can really really bam first aid for usmle then your work is done,0,0
yup leaving right now be back soon,0,0
your brother is a genius,0,0
im hungry buy smth home,0,0
i think i am disturbing her da,0,0
urgent we are trying to contact u todays draw shows that you have won a £ prize guaranteed call from land line claim c valid hrs only,1,1
so when you gonna get rimac access,0,0
hey what happen de are you alright,0,0
im home my love if your still awake loving kiss,0,0
havent mus ask if u can st wat of meet lunch den u n him meet can already lor or u wan go ask da ge st then confirm w me asap,0,0
ive reached already,0,0
which is why i never wanted to tell you any of this which is why im so short with you and onedge as of late,0,0
ever green quote ever told by jerry in cartoon a person who irritates u always is the one who loves u vry much but fails to express it gud nyt,0,0
i dnt wnt to tlk wid u,0,0
i have a sore throat its scratches when i talk,0,0
first answer my question,0,0
new tones this week include mcflyall ab sara jorgeshock will smithswitch to order follow instructions on next message,1,0
pls send me your address sir,0,0
urgent your mobile number has been awarded with a £ prize guaranteed call from land line claim valid hrs only ppm,1,1
okie thanx,0,0
i will cme i want to go to hos morow after that i wil cme this what i got from her dear what to do she didnt say any time,0,0
time n smile r the two crucial things in our life sometimes time makes us to forget smile and sometimes someones smile makes us to forget time gud noon,0,0
tomorrow i am not going to theatre so i can come wherever u call me tell me where and when to come tomorrow,0,0
why dont you wait til at least wednesday to see if you get your,0,0
lol you forgot it eh yes ill bring it in babe,0,0
ok is any problem to u frm him wats matter,0,0
i will come with karnan car please wait till pm will directly goto doctor,0,0
missed call alert these numbers called but left no message,1,0
ur cashbalance is currently pounds to maximize ur cashin now send collect to only pmsg cc po box tcrw,1,1
good morning my love i go to sleep now and wish you a great day full of feeling better and opportunity you are my last thought babe i love you kiss,0,0
aiyar sorry lor forgot tell u,0,0
a little meds say take once every hours its only been but pain is back so i took another hope i dont die,0,0
happy new year princess,0,0
get ready for ltgt inches of pleasure,0,0
hey a guy i know is breathing down my neck to get him some bud anyway youd be able to get a half track to usf tonight,0,0
how are you my love are you with your brother time to talk english with him grins say hey muhommad penny says hello from across the sea,0,0
sorry man my stash ran dry last night and i cant pick up more until sunday,0,0
o we cant see if we can join denis and mina or does denis want alone time,0,0
carlos is down but i have to pick it up from him so ill swing by usf in a little bit,0,0
recpt you have ordered a ringtone your order is being processed,1,0
sos any amount i can get pls,0,0
what u mean u almost done done wif sleeping but i tot u going to take a nap yup i send her liao so im picking her up at ard smth lor,0,0
oh great ill disturb him more so that we can talk,0,0
you can stop further club tones by replying stop mix see mytonecomenjoy html for terms club tones cost gbp week mfl po box mk wt,1,1
lol you wont feel bad when i use her money to take you out to a steak dinner d,0,0
im at work please call,0,0
wifehow she knew the time of murder exactly,0,0
by the way make sure u get train to worc foregate street not shrub hill have fun night x,0,0
ok every night take a warm bath drink a cup of milk and youll see a work of magic you still need to loose weight just so that you know,0,0
then ü come n pick me at ar,0,0
early bird any purchases yet,0,0
good afternoon my boytoy how goes that walking here and there day did you get that police abstract are you still out and about i wake and miss you babe,0,0
ok so april cant wait,0,0
there generally isnt one its an uncountable noun u in the dictionary pieces of research,0,0
what was she looking for,0,0
first has she gained more than ltgt kg since she took in second has she done the blood sugar tests if she has and its ok and her blood pressure is within normal limits then no worries,0,0
this single single answers are we fighting plus i said am broke and you didnt reply,0,0
congratulations thanks to a good friend u have won the £ xmas prize claim is easy just call now only p per minute btnationalrate,1,1
you didnt hear it from me,0,0
nope ill come online now,0,0
she went to attend another two rounds todaybut still didt reach home,0,0
i dont think i can get away for a trek that long with family in town sorry,0,0
mmmmm it was sooooo good to wake to your words this morning my love mmmm fuck i love you too my lion devouring kiss from across the sea,0,0
tbspersolvo been chasing us since sept for£ definitely not paying now thanks to your information we will ignore them kath manchester,1,0
awesome i remember the last time we got somebody high for the first time with diesel v,0,0
kkany special today,0,0
excellent i spent ltgt years in the air force iraq and afghanistan i am stable and honest do you like traveling,0,0
its ur luck to love someone its ur fortune to love the one who loves u but its a miracle to love a person who cant love anyone except u gud nyt,0,0
ok ok take care i can understand,0,0
ok the theory test when are ü going to book i think its on may coz thought wanna go out with jiayin but she isnt free,0,0
hello sort of out in town already that so dont rush home i am eating nachos will let you know eta,0,0
great how is the office today,0,0
glad to see your reply,0,0
sorry for the delay yes masters,0,0
if u laugh really loud if u talk spontaneously if u dont care what others feel u are probably with your dear amp best friends goodevening dear,0,0
haha awesome be there in a minute,0,0
pick ur fone up now u dumb,0,0
do you want a new nokia i colour phone deliveredtomorrow with free minutes to any mobile free texts free camcorder reply or call,1,1
hi can i please get a ltgt dollar loan from you ill pay you back by mid february pls,0,0
sexy sexy cum and text me im wet and warm and ready for some porn u up for some fun this msg is free recd msgs p inc vat cancel text stop,1,1
actually getting ready to leave the house,0,0
he says hell give me a call when his friends got the money but that hes definitely buying before the end of the week,0,0
ok no prob,0,0
no de but call me after some time ill tell you k,0,0
babe i fucking love you too you know fuck it was so good to hear your voice i so need that i crave it i cant get enough i adore you ahmad kisses,0,0
would you like to see my xxx pics they are so hot they were nearly banned in the uk,1,0
hello darling how are you today i would love to have a chat why dont you tell me what you look like and what you are in to sexy,1,0
feel like trying kadeem again v,0,0
k fyi x has a ride early tomorrow morning but hes crashing at our place tonight,0,0
velly good yes please,0,0
just dropped em off omw back now,0,0
free msg single find a partner in your area s of real people are waiting to chat nowsend chat to cncl send stopcs £ per msg,1,1
yeah i imagine he would be really gentle unlike the other docs who treat their patients like turkeys,0,0
save yourself the stress if the person has a dorm account just send your account details and the money will be sent to you,0,0
i will be outside office take all from there,0,0
aight i should be there by at the latest probably closer to are jay and tyler down or should we just do two trips,0,0
thanks for understanding ive been trying to tell sura that,0,0
ow u deyi paid thousadi told u would call,0,0
i want to tel u one thing u should not mistake me k this is the message that you sent,0,0
i am seeking a lady in the street and a freak in the sheets is that you,0,0
thats cool how was your day,0,0
i dont have her number and its gonna be a massive pain in the ass and id rather not get involved if thats possible,0,0
u are subscribed to the best mobile content service in the uk for £ per days until you send stop to helpline,1,1
you have new message please call,1,1
have a great trip to india and bring the light to everyone not just with the project but with everyone that is lucky to see you smile bye abiola,0,0
free messagethanks for using the auction subscription service pmsgrcvd skip an auction txt out unsubscribe txt stop customercare,1,1
someone has contacted our dating service and entered your phone because they fancy you to find out who it is call from a landline pobox n tf p,1,1
hi its kate can u give me a ring asap xxx,0,0
reading gud habit nan bari hudgi yorge pataistha ertini kano,0,0
your right ill make the appointment right now,0,0
best line said in love i will wait till the day i can forget u or the day u realize that u cannot forget me gn,0,0
u attend ur driving lesson how many times a wk n which day,0,0
wah lucky man then can save money hee,0,0
u should have made an appointment,0,0
hey tmr maybe can meet you at yck,0,0
ive reached sch already,0,0
send a logo ur lover names joined by a heart txt love name name mobno eg love adam eve to yahoo pobox w wq txtno no ads p,1,1
haha just kidding papa needs drugs,0,0
hello just got here st andrewsboy its a long way its cold i will keep you posted,0,0
where at were hungry too,0,0
sorry light turned green i meant another friend wanted ltgt worth but he may not be around,0,0
great news call freefone to claim your guaranteed £ cash or £ gift speak to a live operator now,1,1
dai what this da can i send my resume to this id,0,0
yes it completely in out of formclark also utter waste,0,0
oh and by the way you do have more food in your fridge want to go out for a meal tonight,0,0
what todaysundaysunday is holidayso no work,0,0
are you free nowcan i call now,0,0
oh well c u later,0,0
boy you best get yo ass out here quick,0,0
well i might not come then,0,0
sleeping nt feeling well,0,0
im thinking that chennai forgot to come for auction,0,0
they said if its gonna snow it will start around or pm tonite they are predicting an inch of accumulation,0,0
im really sorry i wont b able do this fridayhope u can find an alternativehope yr terms going ok,0,0
hi im sue i am years old and work as a lapdancer i love sex text me live im i my bedroom now text sue to by textoperator g da ppmsg,1,0
nobut heard abt tat,0,0
sorry ill call you later i am in meeting sir,0,0
remind me how to get there and i shall do so,0,0
kdo it at evening daurgent,0,0
goodmorning today i am late for hrs because of back pain,0,0
he dint tell anything he is angry on me that why you told to abi,0,0
k did you call me just now ah,0,0
she just broke down a list of reasons why nobodys in town and i cant tell if shes being sarcastic or just faggy,0,0
if anyone calls for a treadmill say youll buy it make sure its working i found an ad on craigslist selling for ltgt,0,0
hmmmkbut i want to change the field quickly dai wanna get system administrator or network administrator,0,0
im in solihull do you want anything,0,0
beauty sleep can help ur pimples too,0,0
private your account statement for fone no shows unredeemed s i m points call identifier code expires,1,1
you have won cash or a prize to claim call tc rstm sw ss ppm,1,1
ltgt is fast approaching so wish u a very happy new year happy sankranti happy republic day happy valentines day happy shivratri happy ugadi happy fools day happy may day happy independence day happy friendshipmotherfatherteacherschildrens day amp happy birthday u happy ganesh festival happy dasara happy diwali happy christmas ltgt good mornings afternoons evenings nights rememberi am the first to wishing u all theseyours raj,0,0
hi neva worry bout da truth coz the truth will lead me ur heart its the least a unique person like u deserve sleep tight or morning,0,0
neshanthtel me who r u,0,1
youll never believe this but i have actually got off at taunton wow,0,0
if you dont respond imma assume youre still asleep and imma start calling n shit,0,0
unless its a situation where you go gurl would be more appropriate,0,0
we tried to call you re your reply to our sms for a video mobile mins unlimited text free camcorder reply or call now del thurs,1,1
reply to win £ weekly where will the fifa world cup be held send stop to to end service,1,1
thanks love but am i doing torch or bold,0,0
no da i am happy that we sit together na,0,0
ok but knackered just came home and went to sleep not good at this full time work lark,0,0
yesgauti and sehwag out of odi series,0,0
yeah get the unlimited,0,0
sorry ill call later in meeting,0,0
yup i shd haf ard pages if i add figures ü all got how many pages,0,0
hey theres veggie pizza,0,0
must come later i normally bathe him in da afternoon mah,0,0
you have got tallent but you are wasting,0,0
urgent please call from landline £ cash or a luxury canary islands holiday await collection tcs sae award m aq ppm “,1,1
yes there were many sweets,0,0
sms services for your inclusive text credits pls gotto wwwcomuknet login qxj unsubscribe with stop no extra charge help comuk cm ae,1,1
sfine anytime all the best with it,0,0
bored housewives chat n date now btnational rate pmin only from landlines,1,1
but im surprised she still can guess right lor,0,0
thats fine have him give me a call if he knows what he wants or has any questions,0,0
book which lesson then you msg me i will call up after work or sth im going to get specs my membership is px,0,0
ur awarded a city break and could win a £ summer shopping spree every wk txt store to skilgmetscs winawkage £ perwksub,1,1
i finished my lunch already u wake up already,0,0
tap spile at seven is that pub on gas st off broad st by canal ok,0,0
ive got it down to a tea not sure which flavour,0,0
you always make things bigger than they are,0,0
freemsg hi baby wow just got a new cam moby wanna c a hot pic or fancy a chatim w in utxt rply chat to hlp msg p rcv,1,0
yun ahnow ü wkg wherebtw if ü go nus sc ü wana specialise in wad,0,0
hows that watch resizing,0,0
after the drug she will be able to eat,0,0
im realy soz imat my mums nite what about moro,0,0
haha that was the first person i was gonna ask,0,0
whos this am in class,0,0
do you know when dad will be back,0,0
have a good evening ttyl,0,0
no im not i cant give you everything you want and need you actually could do better for yourself on yor ownyouve got more money than i do i cant get work i cant get a man i cant pay the rent i cant even fill my fucking gas tank yes im stressed and depressed i didnt even call home for thanksgiving cuz ill have to tell them im up to nothing,0,0
i am in your office na,0,0
hey babe i saw you came online for a second and then you disappeared what happened,0,0
if you have belive me come to my home,0,0
are you wet right now,0,0
you available now im like right around hillsborough amp ltgt th,0,0
match startedindia ltgt for,0,0
as usual u can call me ard smth,0,0
so what u doing today,0,0
hi darlin i cantdo anythingtomorrow as myparents aretaking me outfor a meal when are u free katexxx,0,0
oh the grand is having a bit of a party but it doesnt mention any cover charge so its probably first come first served,0,0
yeah thatd pretty much be the best case scenario,0,0
im viveki got call from your number,0,0
hi darlin ive just got back and i had a really nice night and thanks so much for the lift see u tomorrow xxx,0,0
aight text me tonight and well see whats up,0,0
please tell me you have some of that special stock you were talking about,0,0
well you told others youd marry them,0,0
eh sorry leh i din c ur msg not sad already lar me watching tv now u still in office,0,0
i love you you know can you feel it does it make your belly warm i wish it does my love i shall meet you in your dreams ahmad adoring kiss,0,0
im gonna miss u so much,0,0
hello my love what are you doing did you get to that interview today are you you happy are you being a good boy do you think of meare you missing me,0,0
haha can but im having dinner with my cousin,0,0
yes i trust u to buy new stuff asap so i can try it out,0,0
gud mrng dear hav a nice day,0,0
i just cooked a rather nice salmon a la you,0,0
for the most sparkling shopping breaks from per person call or visit wwwshortbreaksorguk,1,0
you getting back any time soon,0,0
when are you guys leaving,0,0
im used to it i just hope my agents dont drop me since ive only booked a few things this year this whole me in boston them in nyc was an experiment,0,0
pls go there today ltgt i dont want any excuses,0,0
moon has come to color your dreams stars to make them musical and my sms to give you warm and peaceful sleep good night,0,0
i am ft we will be a good combination,0,0
nah wednesday when should i bring the mini cheetos bag over,0,0
are you still getting the goods,0,0
so when do you wanna gym,0,0
aight what time you want me to come up,0,0
the xmas story is peace the xmas msg is love the xmas miracle is jesus hav a blessed month ahead amp wish u merry xmas,0,0
awesome that gonna be soon or later tonight,0,0
urgent your mobile number has been awarded with a £ prize guaranteed call from land line claim valid hrs only,1,1
i cant right this second gotta hit people up first,0,0
watching tv lor nice one then i like lor,0,0
sppok up ur mob with a halloween collection of nokia logopic message plus a free eerie tone txt card spook to,1,1
congrats treat pendingi am not on mail for dayswill mail once thrurespect mother at homecheck mails,0,0
its not the same here still looking for a job how much do tas earn there,0,0
yo you around a friend of mines lookin to pick up later tonight,0,0
aiyah e rain like quite big leh if drizzling i can at least run home,0,0
ü log off wat its sdryb i,0,0
dunno cos i was v late n when i reach they inside already but we ate spageddies lor its e gals who r laughing at me lor,0,0
horrible gal me in sch doing some stuff how come u got mc,0,0
nothing splwat abt u and whr ru,0,0
nite,0,0
hey thk we juz go accordin to wat we discussed yest lor except no kb on sun cos theres nt much lesson to go if we attend kb on sat,0,0
great hope you are using your connections from mode men also cos you can never know why old friends can lead you to today,0,0
my love how come it took you so long to leave for zahers i got your words on ym and was happy to see them but was sad you had left i miss you,0,0
yeah hopefully if tyler cant do it i could maybe ask around a bit,0,0
kkwhen are you going,0,0
hmmm mayb can try e shoppin area one but forgot e name of hotel,0,0
this is the nd attempt to contract u you have won this weeks top prize of either £ cash or £ prize just call,1,1
once a fishrman woke early in d mrng it was very dark he waited a while amp found a sack ful of stones he strtd throwin thm in d sea pass time atlast he had jus stone sun rose up amp he found out tht those r nt stones those were diamonds moraldont wake up early in d mrng good night,0,0
change again its e one next to escalator,0,0
oops ill let you know when my roommates done,0,0
i am not sure about night menu i know only about noon menu,0,0
thank you meet you monday,0,0
how are you doing hope youve settled in for the new school year just wishin you a gr day,0,0
gran onlyfound out afew days agocusoon honi,0,0
sorry i flaked last night shits seriously goin down with my roommate what you up to tonight,0,0
mmm fuck merry christmas to me,0,0
hello my little party animal i just thought id buzz you as you were with your friends grins reminding you were loved and send a naughty adoring kiss,0,0
it‘s reassuring in this crazy world,0,0
tonight yeah id be down for that,0,0
lets pool our money together and buy a bunch of lotto tickets if we win i get ltgt u get ltgt deal,0,0
can you talk with me,0,0
aight call me once youre close,0,0
hellodrivby quit edrunk sorry iff pthis makes no senrddnot no how dancce drum n basqihave fun nhite x ros xxxxxxx,0,0
lyricalladie f is inviting you to be her friend reply yes or no see her wwwsmsacuhmmross stop send stop frnd to,1,1
i calls you later afternoon onwords mtnl service get problem in south mumbai i can hear you but you cannt listen me,0,0
how i noe did ü specify da domain as nusstu ü still in sch,0,0
ü bot notes oredi cos i juz rem i got,0,0
i felt sonot any conveying reason ese he what about me,0,0
how come i din c ü yup i cut my hair,0,0
i wonder if youll get this text,0,0
i am lateso call you tomorrow morningtake care sweet dreamsu and meummifyingbye,0,0
wat time liao where still got,0,0
then ü wait me at bus stop aft ur lect lar if i dun c ü then i go get my car then come back n pick ü,0,0
keng rocking in ashes,0,0
but really quite funny lor wat then u shd haf run shorter distance wat,0,0
where in abj are you serving are you staying with dad or alone,0,0
cheers lou yeah was a goodnite shame u neva came c ya gailxx,0,0
then why you not responding,0,0
oops i thk i dun haf enuff i go check then tell ü,0,0
will have two more cartons off u and is very pleased with shelves,0,0
huh means computational science y they like dat one push here n there,0,0
sir i need velusamy sirs date of birth and company bank facilities details,0,0
please charge my mobile when you get up in morning,0,0
ugh y cant u just apologize admit u were wrong and ask me to take u back,0,0
hey j r u feeling any better hopeso hunny i amnow feelin ill ithink i may have tonsolitusaswell damn iam layin in bedreal bored lotsof luv me xxxx,0,0
sms auction you have won a nokia i this is what you get when you win our free auction to take part send nokia to now hgsuite lands roww jhl,1,1
sorry man accidentally left my phone on silent last night and didnt check it til i got up,0,0
im in inperialmusic listening the weirdest track ever byleafcutter johnsounds like insects being molestedsomeone plumbingremixed by evil men on acid,0,0
have you laid your airtel line to rest,0,0
i am in bus on the way to calicut,0,0
havent stuck at orchard in my dads car going dinner now u leh so r they free tonight,0,0
jus finish blowing my hair u finish dinner already,0,0
when ü login dat time dad fetching ü home now,0,0
guai ü shd haf seen him when hes naughty ü so free today can go jogging,0,0
sorry chikku my cell got some problem thts y i was nt able to reply u or msg u,0,0
depends on quality if you want the type i sent boye faded glory then about if you want ralphs maybe,0,0
what i mean is do they come chase you out when its over or is it stated you can watch as many movies as you want,0,0
i will reach before ten morning,0,0
have a good trip watch out for remember when you get back we must decide about easter,0,0
whats nannys address,0,0
i had it alreadysabarish asked me to go,0,0
kaiez enjoy ur tuition gee thk e second option sounds beta ill go yan jiu den msg u,0,0
k want us to come by now,0,0
i liked your new house,0,0
your daily text from me – a favour this time,0,0
itll be tough but ill do what i have to,0,0
on the road so cant txt,0,0
dont pick up d call when something important is there to tell hrishi,0,0
k must book a not huh so going for yoga basic on sunday,0,0
what hello wats talks email address,0,0
last chance claim ur £ worth of discount vouchers today text shop to now savamob offers mobile t cs savamob pobox m uz £ sub,1,1
no got new job at bar in airport on satsgettin per hour but means no lie in keep in touch,0,0
tyler getting an th has to leave not long after can you get here in like an hour,0,0
got smaller capacity one quite ex,0,0
forwarded from hi this is your mailbox messaging sms alert you have messages you have matches please call back on to retrieve your messages and matches,1,1
well join the ltgt bus,0,0
hello baby did you get back to your moms are you setting up the computer now filling your belly how goes it loverboy i miss you already sighs,0,0
hey i am really horny want to chat or see me naked text hot to text charged at pm to unsubscribe text stop,1,1
wen u miss someone the person is definitely special for u but if the person is so special why to miss them just keepintouch gdeve,0,0
how much you got for cleaning,0,0
huh so fast dat means u havent finished painting,0,0
only saturday and sunday holiday so its very difficult,0,0
haha i think i did too,0,0
can i get your opinion on something first,0,0
i am back good journey let me know if you need any of the receipts shall i tell you like the pendent,0,0
oh oh wasted den muz chiong on sat n sun liao,0,0
you are a winner you have been specially selected to receive £ cash or a £ award speak to a live operator to claim call am pm cost p,1,1
now thats going to ruin your thesis,0,0
i will be gentle baby soon you will be taking all ltgt inches deep inside your tight pussy,0,0
aathiwhere are you dear,0,0
do you want a new nokia i colour phone delivered tomorrow with free minutes to any mobile free text free camcorder reply or call,1,1
your chance to be on a reality fantasy show call now just p per min ntt ltd po box croydon cr wb is a national rate call,1,1
yeh indians was nice tho it did kane me off a bit he he we shud go out a drink sometime soon mite hav go da works a laugh soon love pete x x,0,0
dear we got ltgt dollars hi hi,0,0
also andros ice etc etc,0,0
hey company elama po mudyadhu,0,0
yes now only saw your message,0,0
reminder you have not downloaded the content you have already paid for goto httpdoit mymoby tv to collect your content,1,1
oh for fucks sake shes in like tallahassee,0,0
midnight at the earliest,0,0
neva mind its ok,0,0
set a place for me in your heart and not in your mind as the mind easily forgets but the heart will always remember wish you happy valentines day,0,0
important information orange user today is your lucky day find out why log onto httpwwwurawinnercom theres a fantastic surprise awaiting you,1,1
well i have to leave for my class babe you never came back to me hope you have a nice sleep my love,0,0
sorry im getting up now feel really bad totally rejected that kinda me thing,0,0
ive reached home n i bathe liao u can call me now,0,0
yo guess what i just dropped,0,0
evry emotion dsnt hav wordsevry wish dsnt hav prayrs if u smiled world is wit uothrwise even d drop of tear dsnt lik stay wit uso b happy good morning keep smiling,0,0
hey we can go jazz power yoga hip hop kb and yogasana,0,0
get ready to put on your excellent sub face,0,0
ok ill do you right later,0,0
is that on the telly no its brdget jones,0,0
ok i am on the way to railway,0,0
hey boys want hot xxx pics sent direct ur phone txt porn to hrs free and then just p per day to stop text stopbcm sf wc n xx,1,1
all sounds good fingers makes it difficult to type,0,0
not sure yet still trying to get a hold of him,0,0
also track down any lighters you can find,0,0
good afternoon my love how goes your day what are you up to i woke early and am online waiting for you hmmm italian boy is online i see grins,0,0
sweet heart how are you,0,0
ok set let u noe e details later,0,0
ok try to do week end course in coimbatore,0,0
annoying isnt it,0,0
want explicit sex in secs ring now costs pmin,1,0
yup ive finished c ü there,0,0
k ill work something out,0,0
when you came to hostel,0,0
come round its,0,0
see you there,0,0
yup song bro no creative neva test quality he said check review online,0,0
here got lots of hair dresser fr china,0,0
sir waiting for your mail,0,0
cos daddy arranging time c wat time fetch ü mah,0,0
ambrithmaduraimet u in arun dha marrgeremembr,0,0
sry cant talk on phone with parents,0,0
i do know what u mean is the king of not havin credit im goin bed now night night sweet only more sleep,0,0
hai ana tomarrow am coming on morning ltdecimalgt ill be there in sathy then we ll go to rto office reply me after came to home,0,0
yup ok thanx,0,0
depends on individual lor e hair dresser say pretty but my parents say look gong u kaypoh i also dunno wat she collecting,0,0
but if shes drinkin im ok,0,0
gibbs unsoldmike hussey,0,0
whenre you guys getting back g said you were thinking about not staying for mcr,0,0
noi got rumour that you going to buy apartment in chennai,0,0
,0,0
going to take your babe out,0,0
lmao ok i wont be needing u to do my hair anymore,0,0
what are you doing in langport sorry but ill probably be in bed by pm it sucks being ill at xmas when do you and go sri lanka,0,0
freemsgfav xmas tonesreply real,1,0
nobody can decide where to eat and dad wants chinese,0,0
i accidentally deleted the message resend please,0,0
ok u enjoy ur shows,0,0
what you need you have a person to give na,0,0
what your plan for pongal,0,0
also hi wesley howve you been,0,0
kkthis month kotees birthday know,0,0
are you not around or just still asleep v,0,0
jus finish my lunch on my way home lor i tot u dun wan stay in sch today,0,0
i will come to ur home now,0,0
then she dun believe wat,0,0
u wake up already wat u doing u picking us up later rite im taking sq reaching ard smth like dat u can check e arrival time c ya soon,0,0
goodo yes we must speak friday eggpotato ratio for tortilla needed,0,0
cool ill text you when im on the way,0,0
dont you have message offer,0,1
only just got this message not ignoring you yes i was shopping that is,0,0
watching tv now i got new job,0,0
december only had your mobile mths you are entitled to update to the latest colour camera mobile for free call the mobile update co free on,1,1
when u love someone dont make them to love u as much as u do but love them so much that they dont want to be loved by anyone except you gud nit,0,0
try neva mate,0,0
sorry ill call later in meeting,0,0
im so in love with you im excited each day i spend with you you make me so happy,0,0
wif my family booking tour package,0,0
we tried to contact you re your reply to our offer of a video handset anytime any networks mins unlimited text camcorder reply or call now,1,1
will you come online today night,0,0
private your account statement for xxxxxx shows unredeemed s i m points call identifier code expires,1,1
hi wlcome back did wonder if you got eaten by a lion or something nothing much,0,0
ard like dat y,0,0
lol i would but despite these cramps i like being a girl,0,0
congrats mobile g videophones r yours call now videochat wid ur mates play java games dload polyh music noline rentl bx ip we pm,1,1
free tones hope you enjoyed your new content text stop to to unsubscribe help p provided by tones youcouk,1,1
heart is empty without love mind is empty without wisdom eyes r empty without dreams amp life is empty without frnds so alwys be in touch good night amp sweet dreams,0,0
wot u up j,0,0
no my mum went dentist,0,0
thanks it was only from tescos but quite nice all gone now speak soon,0,0
miles and smiles r made frm same letters but do u know d difference smile on ur face keeps me happy even though i am miles away from u keep smiling good nyt,0,0
i am waiting for your call sir,0,0
sure ill see if i can come by in a bit,0,0
i love to give massages i use lots of baby oil what is your fave position,0,0
make sure alex knows his birthday is over in fifteen minutes as far as youre concerned,0,0
alright tylers got a minor crisis and has to be home sooner than he thought so be here asap,0,0
i told her i had a dr appt next week she thinks im gonna die i told her its just a check nothing to be worried about but she didnt listen,0,0
congratulations ur awarded either £ of cd gift vouchers free entry our £ weekly draw txt music to tncs wwwldewcom win ppmx age,1,1
it shall be fine i have avalarr now will hollalater,0,0
uncle abbey happy new year abiola,0,0
joys father is john then john is the of joys father if u ans ths you hav ltgt iq tis s ias question try to answer,0,0
is there any movie theatre i can go to and watch unlimited movies and just pay once,0,0
no need to say anything to me i know i am an outsider,0,0
i walked an hour c u doesnt that show i care y wont u believe im serious,0,0
hey girl how r u hope u r well me an del r bak again long time no c give me a call sum time from lucyxx,0,0
text her if she doesnt reply let me know so i can have her log in,0,0
ok thats cool its just off either raglan rd or edward rd behind the cricket ground gimme ring when ur closeby see you tuesday,0,0
damn poor zac doesnt stand a chance,0,0
k ill drinkpa then what doing i need srs model pls send it to my mail id pa,0,0
hi baby im sat on the bloody bus at the mo and i wont be home until about wanna do somethin later call me later ortxt back jess xx,0,0
sent me de webadres for geting salary slip,0,0
k wen ur free come to my home and also tel vikky i hav sent mail to him also better come evening il be free today aftr pm,0,0
well obviously not because all the people in my cool college life went home,0,0
aight ill grab something to eat too text me when youre back at mu,0,0
aight see you in a bit,0,0
what makes you most happy,0,0
ive not called you in a while this is hoping it was l r malaria and that you know that we miss you guys i miss bani big so pls give her my love especially have a great day,0,0
cool we will have fun practicing making babies,0,0
ou are guaranteed the latest nokia phone a gb ipod mp player or a £ prize txt word collect to no ibhltd ldnw h pmtmsgrcvd,1,1
how to make a girl happy its not at all difficult to make girls happy u only need to be a friend companion lover chef ltgt good listener ltgt organizer ltgt good boyfriend ltgt very clean ltgt sympathetic ltgt athletic ltgt warm ltgt courageous ltgt determined ltgt true ltgt dependable ltgt intelligent ltgt psychologist ltgt pest exterminator ltgt psychiatrist ltgt healer ltgt stylist ltgt driver aaniye pudunga venaam,0,0
mm umma ask vava also to come tell him can play later together,0,0
at esplanade do ü mind giving me a lift cos i got no car today,0,0
o guess they both got screwd,0,0
i have no idea where you are,0,0
ur hmv quiz cashbalance is currently £ to maximize ur cashin now send hmv to only pmsg,1,1
shes fine sends her greetings,0,0
great to hear you are settling well so whats happenin wit ola,0,0
lol u drunkard just doing my hair at d moment yeah still up tonight wats the plan,0,0
yeah probably i still gotta check out with leo,0,0
take some small dose tablet for fever,0,0
at home by the way,0,0
have a safe trip to nigeria wish you happiness and very soon company to share moments with,0,0
oh wow thats gay will firmware update help,0,0
you still at grand prix,0,0
u guys never invite me anywhere,0,0
this message is free welcome to the new improved sex dogging club to unsubscribe from this service reply stop msgs p only,1,1
gud mrng dear have a nice day,0,0
please protect yourself from ethreats sib never asks for sensitive information like passwordsatmsms pin thru email never share your password with anybody,0,0
oh kim watching here,0,0
ok lor sony ericsson salesman i ask shuhui then she say quite gd use so i considering,0,0
we tried to contact you re our offer of new video phone anytime any network mins half price rental camcorder call or reply for delivery wed,1,1
yes but i dont care cause i know its there,0,0
you got called a tool,0,0
i attended but nothing is there,0,0
someone has conacted our dating service and entered your phone because they fancy youto find out who it is call from landline pobox n tf,1,1
free text msgs just text ok to and well credit your account,1,1
sorry i will be able to get to you see you in the morning,0,0
sure but since my parents will be working on tuesday i dont really need a cover story,0,0
yes i know the cheesy songs from frosty the snowman,0,0
chile please its only a ltdecimalgt hour drive for me i come down all the time and will be subletting febapril for audition season,0,0
hey im bored so im thinking of u so wat r u doing,0,0
yes im small kid and boost is the secret of my energy,0,0
i am taking you for italian food how about a pretty dress with no panties,0,0
good afternoon my love any job prospects are you missing me what do you do are you being lazy and bleak hmmm or happy and filled with my love,0,0
unlimited texts limited minutes,0,0
then u going ikea str aft dat,0,0
very hurting n meaningful lines ever i compromised everything for my love but at d end my love compromised me for everything gud mornin,0,0
god created gap btwn ur fingers so dat sum vry special will fill those gaps by holding ur hands now plz dont ask y he created so much gap between legs,0,0
armand says get your ass over to epsilon,0,0
yo im right by yo work,0,0
i tot u reach liao he said tshirt,0,0
dude ive been seeing a lotta corvettes lately,0,0
what time i‘m out until prob or so,0,0
cps is causing the outages to conserve energy,0,0
oh ok wats ur email,0,0
life style garments account no please,0,0
i cant make it tonight,0,0
hi this is mandy sullivan calling from hotmix fmyou are chosen to receive £ in our easter prize drawplease telephone to claim before or your prize will be transferred to someone else,1,1
do well all will for little time thing of good times ahead,0,0
thts wat wright brother did to fly,0,0
pls clarify back if an open return ticket that i have can be preponed for me to go back to kerala,0,0
error,1,0
carlos says hell be at mu in ltgt minutes,0,0
you have won a nokia i this is what you get when you win our free auction to take part send nokia to now hgsuite lands roww jhl,1,1
thats the trouble with classes that go well youre due a dodgey one … expecting mine tomo see you for recovery same time same place,0,0
raviyog peripherals bhayandar east,0,0
ü come lt n pass to me lar,0,0
yunny im walking in citylink now ü faster come down me very hungry,0,0
ola would get back to you maybe not today but i ve told him you can be his direct link in the us in getting cars he bids for online you arrange shipping and you get a cut or u for a partnership where u invest money for shipping and he takes care of the restuwud b self reliant soon dnt worry,0,0
that one week leave i put know that time why,0,0
if you hear a loud scream in about ltgt minutes its cause my gyno will be shoving things up me that dont belong,0,0
well i was about to give up cos they all said no they didn‘t do one nighters i persevered and found one but it is very cheap so i apologise in advance it is just somewhere to sleep isnt it,0,0
leave it u will always be ignorant,0,0
mon okie lor haha best is cheap n gd food la ex oso okie depends on whether wana eat western or chinese food den which u prefer,0,0
mostly sports typelyk footblcrckt,0,0
is it your yahoo boys that bring in the perf or legal,0,0
double your mins txts on orange or price linerental motorola and sonyericsson with btooth freenokia free call mobileupd on or optouthv d,1,1
sorry got a late start were on the way,0,0
where you what happen,0,0
dont worry i guess hes busy,0,0
hi msg meim in office,0,0
u r the most beautiful girl ive ever seen u r my baby come and c me in the common room,0,0
can you pls pls send me a mail on all you know about relatives coming to deliver here all you know about costs risks benefits and anything else thanks,0,0
where are you lover i need you,0,0
let me know when youve got the money so carlos can make the call,0,0
i not busy juz dun wan go so early hee,0,0
hey is rite u put » evey mnth is that all,0,0
hey hey werethe monkeespeople say we monkeyaround howdy gorgeous howu doin foundurself a jobyet sausagelove jen xxx,0,0
wow didnt think it was that common i take it all back ur not a freak unless u chop it off,0,0
watching telugu moviewat abt u,0,0
had your mobile mths update to the latest cameravideo phones for free keep ur same number get extra free minstexts text yes for a call,1,1
guess he wants alone time we could just show up and watch when they do,0,0
well then you have a great weekend,0,0
gimme a few was ltgt minutes ago,0,0
how many times i told in the stage all use to laugh you not listen aha,0,0
haha sounds crazy dunno can tahan anot,0,0
actually i decided i was too hungry so i havent left yet v,0,0
r u sam p in eachother if we meet we can go my house,0,0
dear voucher holder to claim this weeks offer at you pc please go to httpwwwetlpcoukexpressoffer tscs apply to stop texts txt stop to,1,1
come to mu were sorting out our narcotics situation,0,0
staff of placement training in amrita college,0,0
private your account statement for shows unredeemed sim points call identifier code expires,1,1
oh thats late well have a good night and i will give u a call tomorrow iam now going to go to sleep night night,0,0
havent still waitin as usual ü come back sch oredi,0,0
carlos is taking his sweet time as usual so let me know when you and patty are donewant to smoke and ill tell him to haul ass,0,0
bring it if you got it,0,0
want explicit sex in secs ring now costs pmin gsex pobox wc n xx,1,1
is that what time you want me to come,0,0
aww you must be nearly deadwell jez iscoming over todo some workand that whilltake forever,0,0
how do you guys go to see movies on your side,0,0
i will cal you sir in meeting,0,0
you call times job today ok umma and ask them to speed up,0,0
dunno my dad said he coming home bring us out lunch yup i go w u lor i call u when i reach school lor,0,0
oic i saw him too but i tot he din c me i found a group liao,0,0
nvm its ok,0,0
happy new years melody,0,0
what is your account number,0,0
geeeee your internet is really bad today eh,0,0
dear take care i am just reaching homelove u a lot,0,0
i havent add ü yet right,0,0
hmm ill have to think about it ok youre forgiven d,0,0
we are both fine thanks,0,0
designation is software developer and may be she get chennai,0,0
the gas station is like a block away from my house youll drive right by it since armenia ends at swann and you have to take howard,0,0
freeringtone reply real or poly eg real pushbutton dontcha babygoodbye golddigger webeburnin st tone free and more when u join for £ wk,1,1
good afternoon babe how goes that day any job prospects yet i miss you my love sighs,0,0
me too watching surya movie only after pm vijay movie pokkiri,0,0
double mins and txts months free bluetooth on orange available on sony nokia motorola phones call mobileupd on or call optoutn dx,1,1
mmmm fuck not fair you know my weaknesses grins pushes you to your knees exposes my belly and pulls your head to it dont forget i know yours too wicked smile,0,0
alright were all set here text the man,0,0
sorry ive not gone to that place ill do so tomorrow really sorry,0,0
oktake careumma to you too,0,0
ugh just got outta class,0,0
single line with a big meaning miss anything ur best life but dont miss ur best life for anything gud nyt,0,0
its a big difference ltgt versus ltgt every ltgt hrs,0,0
what do you do my dog must i always wait till the end of your day to have word from you did you run out of time on your cell already,0,0
spjanuary male sale hot gay chat now cheaper call national rate from pmin cheap to pmin peak to stop texts call pmin,1,1
hey gals anyone of u going down to e driving centre tmr,0,0
dating service call box sk ch,1,1
oh gei that happend to me in tron maybe ill dl it in d when its out,0,0
i think if he rule tamilnaduthen its very tough for our people,0,0
you can donate £ to unicefs asian tsunami disaster support fund by texting donate to £ will be added to your next bill,1,1
whatever juliana do whatever you want,0,0
great never been better each day gives even more reasons to thank god,0,0
dear voucher holder to claim this weeks offer at your pc please go to httpwwwwtlpcouktext tscs apply,1,1
i dont think so you dont need to be going out that late on a school night especially when the one class you have is the one you missed last wednesday and probably failed a test in on friday,0,0
and half years i missed your friendship,0,0
what are your new years plans,0,0
yes da any plm at ur office,0,0
pansy youve been living in a jungle for two years its my driving you should be more worried about,0,0
thats alrite girl u know gail is neva wrongtake care sweet and dont worryc u l tr hunlove yaxxx,0,0
i had askd u a question some hours before its answer,0,0
yes i will be there glad you made it,0,0
am on my way,0,0
hi baby im cruisin with my girl friend what r u up give me a call in and hour at home if thats alright or fone me on this fone now love jenny xxx,0,0
ma head dey swell oh thanks for making my day,0,0
received understood n acted upon,0,0
gal n boy walking in d park galcan i hold ur hand boyy do u think i would run away galno jst wana c how it feels walking in heaven with an princegn,0,0
i knew it u slept v late yest wake up so late,0,0
urgent please call from landline your abta complimentary tenerife holiday or £ cash await collection sae tcs box cw wx ppm,1,1
mm you ask him to come its enough,0,0
god blessget good sleep my deari will pray,0,0
ya tel wats ur problem,0,0
now im going out dinner soon,0,0
motivate behind every darkness there is a shining light waiting for you to find it behind every best friend there is always trust and love bslvyl,0,1
life is more strict than teacher bcoz teacher teaches lesson amp then conducts exam but life first conducts exam amp then teaches lessons happy morning,0,0
i though we shd go out n have some fun so bar in town or something – sound ok,0,0
well the general price is ltgt oz let me know ifwhenhow much you want,0,0
twenty past five he said will this train have been to durham already or not coz i am in a reserved seat,0,0
aiya we discuss later lar pick ü up at is it,0,0
will be office around pm now i am going hospital,0,0
nope juz off from work,0,0
this is hoping you enjoyed your game yesterday sorry ive not been in touch but pls know that you are fondly bein thot off have a great week abiola,0,0
todays vodafone numbers ending with my last four digits are selected to received a £ award if your number matches please call to claim your £ award,1,1
alright babe justthought id sayhey how u doinnearly the endof me wk offdam nevamindwe will have hook up sn if uwant m lovejen x,0,0
kkare you in college,0,0
yes see ya not on the dot,0,0
any chance you might have had with me evaporated as soon as you violated my privacy by stealing my phone number from your employers paperwork not cool at all please do not contact me again or i will report you to your supervisor,0,0
if youre thinking of lifting me one then no,0,0
dear how you are you ok,0,0
u so lousy run already come back then half dead hee,0,0
great i have to run now so ttyl,0,0
i like you peoples very much but am very shy pa,0,0
urgent your mobile number has been awarded with a £ prize guaranteed call from land line claim valid hrs only ppm,1,1
bought one ringtone and now getting texts costing pound offering more tones etc,1,0
oops sorry just to check that you dont mind picking me up tomo at half eight from station would that be ok,0,0
datingi have had two of these only started after i sent a text to talk sport radio last week any connection do you think or coincidence,1,0
freemsg todays the day if you are ready im horny live in your town i love sex fun games netcollex ltd p per msg reply stop to end,1,1
lol please do actually send a pic of yourself right now i wanna see pose with a comb and hair dryer or something,0,0
nowadays people are notixiquating the laxinorficated opportunity for bambling of entropication have you ever oblisingately opted ur books for the masteriastering amplikater of fidalfication it is very champlaxigating i think it is atrocious wotz ur opinion junna,0,0
todays voda numbers ending are selected to receive a award if you hava a match please call quoting claim code standard rates app,1,1
hiwhat you think about match,0,0
take care and sleep wellyou need to learn to change in lifeyou only need to get convinced on thati will wait but no more conversations between usget convinced by that timeyour family is over for you in many sensesrespect them but not overemphasiseor u have no role in my life,0,0
pls help me tell sura that im expecting a battery from hont and that if should pls send me a message about how to download movies thanks,0,0
yup wun believe wat u really neva c e msg i sent shuhui,0,0
hi its lucy hubby at meetins all day fri i will b alone at hotel u fancy cumin over pls leave msg day lucy x calls£ minmobsmorelkpobox hp fl,1,1
ok not sure what time tho as not sure if can get to library before class will try see you at some point have good eve,0,0
not enufcredeit tocallshall ileave uni at get a bus to yor house,0,0
i asked you to call him now ok,0,0
nvm im going to wear my sport shoes anyway im going to be late leh,0,0
hey something came up last min think i wun be signing up tmr hee,0,0
for ur chance to win £ cash every wk txt play to tscs wwwmusictrivianet custcare x pwk,1,1
oh okie lorwe go on sat,0,0
is ur paper in e morn or aft tmr,0,0
kay since we are out already,0,0
is avatar supposed to have subtoitles,0,0
then its most likely called mittelschmertz google it if you dont have paracetamol dont worry it will go,0,0
freemsg month unlimited free calls activate smartcall txt call to no subscriptn gbpwk unlimited calls help stoptxt stop landlineonly,1,1
ya even those cookies have jelly on them,0,0
just gettin a bit arty with my collages at the mo well tryin ne way got a roast in a min lovely i shall enjoy that,0,0
theoretically yeah he could be able to come,0,0
ree entry in a weekly comp for a chance to win an ipod txt pod to to get entry std txt rate tcs apply for details,1,1
they said ü dun haf passport or smth like dat or ü juz send to my email account,0,0
where did u go my phone is gonna die you have to stay in here,0,0
okay lor wah like that def they wont let us go haha what did they say in the terms and conditions,0,0
thanx but my birthday is over already,0,0
guess which pub im in im as happy as a pig in clover or whatever the saying is,0,0
well done england get the official poly ringtone or colour flag on yer mobile text tone or flag to now optout txt eng stop box w wx £,1,1
but my family not responding for anything now am in room not went to home for diwali but no one called me and why not coming it makes me feel like died,0,0
friends that u can stay on fb chat with,0,0
ffffffffff alright no way i can meet up with you sooner,0,0
plz note if anyone calling from a mobile co amp asks u to type ltgt or ltgt do not do so disconnect the callcoz it iz an attempt of terrorist to make use of the sim card no itz confirmd by nokia n motorola n has been verified by cnn ibn,0,0
k will do addie amp i are doing some art so ill be here when you get home,0,0
its good well find a way,0,0
sicomo nolistened the plaid albumquite gdthe new air which is hilariousalso boughtbraindancea compofstuff on aphexs abelu hav hear itc u sn xxxx,0,0
i am in escape theatre now going to watch kavalan in a few minutes,0,0
i just made some payments so dont have that much sorry would you want it fedex or the other way,0,0
kkhow about your training process,0,0
i keep ten rs in my shelf buy two egg,0,0
santha num corrct dane,0,0
i am joining today formallypls keep prayingwill talk later,0,0
that seems unnecessarily affectionate,0,0
edison has rightly said a fool can ask more questions than a wise man can answer now you know why all of us are speechless during viva gmgngegnt,0,0
i cant keep going through this it was never my intention to run you out but if you choose to do that rather than keep the room clean so i dont have to say no to visitors then maybe thats the best choice yes i wanted you to be embarassed so maybe youd feel for once how i feel when i have a friend who wants to drop buy and i have to say no as happened this morning ive tried everything i dont know what else to do,0,0
private your account statement for shows unredeemed s i m points call identifier code expires,1,1
dear got train and seat mine lower seat,0,0
not much just some textin how bout you,0,0
s but not able to sleep,0,0
ha you don‘t know either i did a a clever but simple thing with pears the other day perfect for christmas,0,0
bull your plan was to go floating off to ikea with me without a care in the world so i have to live with your mess another day,0,0
is ur changes da report big cos ive already made changes da previous report,0,0
congrats thats great i wanted to tell you not to tell me your score cos it might make me relax but its motivating me so thanks for sharing,0,0
can you use foreign stamps for whatever you send them off for,0,0
thanx e brownie its v nice,0,0
where are you call me,0,0
burger king wanna play footy at a top stadium get burger king before st sept and go large or super with cocacola and walk out a winner,1,0
aight ive been set free think you could text me blakes address it occurs to me im not quite as sure what im doing as i thought i was,0,0
erm … ill pick you up at about pm thatll give enough time to get there park and that,0,0
how much it will cost approx per month,0,0
thats necessarily respectful,0,0
thanks for sending this mental ability question,0,0
not directly behind abt rows behind ü,0,0
aight ill hit you up when i get some cash,0,0
omg joanna is freaking me out shes looked thru all my friends to find photos of me and then shes asking about stuff on my myspace which i havent even logged on in like a year,0,0
what happened in interview,0,0
dear how is chechi did you talk to her,0,0
that means you got an a in epi shes fine shes here now,0,0
wot u up thout u were gonna call me txt bak luv k,0,0
good words but words may leave u in dismay many times,0,0
hi this is amy we will be sending you a free phone number in a couple of days which will give you an access to all the adult parties,1,0
from next month get upto more calls ur standard network charge activate call c wire net st terms pobox m uz cost £ min mobcudb more,1,0
neft transaction with reference number ltgt for rs ltdecimalgt has been credited to the beneficiary account on ltgt at lttimegt ltgt,0,0
sms ac jsco energy is high but u may not know where channel it day ur leadership skills r strong psychic reply ans wquestion end reply end jsco,1,1
hanks lotsly,0,0
happy new year my dear brother i really do miss you just got your number and decided to send you this text wishing you only happiness abiola,0,0
yes please leave at ltgt so that at ltgt we can leave,0,0
was just about to ask will keep this one maybe thats why you didnt get all the messages we sent you on glo,0,0
lol no i just need to cash in my nitros hurry come on before i crash out,0,0
but i haf enuff space got like mb,0,0
thanks again for your reply today when is ur visa coming in and r u still buying the gucci and bags my sister things are not easy uncle john also has his own bills so i really need to think about how to make my own money later sha,0,0
nah man my car is meant to be crammed full of people,0,0
good evening sir al salam wahleykkumsharing a happy newsby the grace of god i got an offer from tayseertissco and i joinedhope you are fineinshah allahmeet you sometimerakheshvisitor from india,0,0
found it enc ltgt where you at,0,0
haha where got so fast lose weight thk muz go a month den got effect geelater we go aust put bk e weight,0,0
great i hope you like your man well endowed i am ltgt inches,0,0
sez hows u de arab boy hope u r all good give my love evry love ya eshxxxxxxxxxxx,0,0
how would my ip address test that considering my computer isnt a minecraft server,0,0
aight can you text me the address,0,0
good morning princess have a great day,0,0
gr new service live sex video chat on your mob see the sexiest dirtiest girls live on ur phone details text horny to to cancel send stop to,1,1
sweetheart hope you are not having that kind of day have one with loads of reasons to smile biola,0,0
you are everywhere dirt on the floor the windows even on my shirt and sometimes when i open my mouth you are all that comes flowing out i dream of my world without you then half my chores are out too a time of joy for me lots of tv shows ill see but i guess like all things you just must exist like rain hail and mist and when my time here is done you and i become one,0,0
ok c ü then,0,0
congratulations u can claim vip row a tickets c blu in concert in november or blu gift guaranteed call to claim tscs wwwsmsconet cost£ max,1,1
garbage bags eggs jam bread hannaford wheat chex,0,0
your bill at is £ so thats not bad,0,0
i got a call from a landline number i am asked to come to anna nagar i will go in the afternoon,0,0
oh oh den muz change plan liao go back have to yan jiu again,0,0
y she dun believe leh i tot i told her its true already i thk she muz c us tog then she believe,0,0
happy new year to u too,0,0
asked mobile if chatlines inclu in free mins india cust servs sed yes l er got mega bill dont giv a shit bailiff due in days i o £ want £,1,0
am i the only one who doesnt stalk profiles,0,0
yes baby we can study all the positions of the kama sutra,0,0
how dare you change my ring,0,0
id have to check but theres only like bowls worth left,0,0
eerie nokia tones u rply tone title to eg tone dracula to titles ghost addamsfa munsters exorcist twilight wwwgetzedcouk pobox w wq p,1,1
hey r ü still online ive finished the formatting,0,0
how its a little difficult but its a simple way to enter this place,0,0
congratulations ore mo owo re wa enjoy it and i wish you many happy moments to and fro wherever you go,0,0
yes nigh you cant aha,0,0
no im not gonna be able to too late notice ill be home in a few weeks anyway what are the plans,0,0
i tot its my group mate lucky i havent reply wat time do ü need to leave,0,0
i am waiting machan call me once you free,0,0
or better still can you catch her and let ask her if she can sell ltgt for me,0,0
oh kay on sat right,0,0
yup no need ill jus wait e rain stop,0,0
i want to send something that can sell fast ltgt k is not easy money,0,0
free entry in a weekly comp for a chance to win an ipod txt pod to to get entry std txt rate tcs apply for details,1,1
lol u still feeling sick,0,0
i cant talk to you nowi will call when i candont keep calling,0,0
hi missed your call and my mumhas beendropping red wine all over theplace what is your adress,0,0
does cinema plus drink appeal tomo is a fr thriller by director i like on at mac at,0,0
i actually did for the first time in a while i went to bed not too long after i spoke with you woke up at how was your night,0,0
i see a cup of coffee animation,0,0
many more happy returns of the day i wish you happy birthday,0,0
can you open the door,0,0
ü collecting ur laptop then going to configure da settings izzit,0,0
fyi im gonna call you sporadically starting at like ltgt bc we are not not doin this shit,0,0
should i buy him a blackberry bold or torch should i buy him new or used let me know plus are you saying i should buy the ltgt g wifi ipad and what are you saying about the about the ltgt g,0,0
hey for me there is no leave on friday wait i will ask my superior and tell you,0,0
heehee that was so funny tho,0,0
sounds like a plan cardiff is still here and still cold im sitting on the radiator,0,0
important information orange user xxxxxx today is ur lucky day find out why log onto httpwwwurawinnercom theres a fantastic prizeawaiting you,1,1
when u wana see it then,0,0
im coming home dinner,0,0
yeah dont go to bed ill be back before midnight,0,0
collect your valentines weekend to paris inc flight hotel £ prize guaranteed text paris to no wwwrtfsphostingcom,1,1
how are you with moneyas in to youmoney aint a thinghow are you sha,0,0
mode men or have you left,0,0
die i accidentally deleted e msg i suppose put in e sim archive haiz i so sad,0,0
think i might have to give it a miss am teaching til twelve then have lecture at two damn this working thing,0,0
its sunny in california the weathers just cool,0,0
here is your discount code rp to stop further messages reply stop wwwregalportfoliocouk customer services,1,1
its too latebut its kwish you the same,0,0
okay we wait ah,0,0
thats ok i popped in to ask bout something and she said youd been in are you around tonght wen this girl comes,0,0
maybe say hi to and find out if got his card great escape or wetherspoons,0,0
jordan got voted out last nite,0,0
alrite,0,0
k k sms chat with me,0,0
call me when ure done,0,0
what type of stuff do you sing,0,0
wa u so efficient gee thanx,0,0
olol i printed out a forum post by a guy with the exact same prob which was fixed with a gpu replacement hopefully they dont ignore that,0,0
reply with your name and address and you will receive by post a weeks completely free accommodation at various global locations wwwphb com ph p,1,0
can you tell shola to please go to college of medicine and visit the academic department tell the academic secretary what the current situation is and ask if she can transfer there she should ask someone to check sagamu for the same thing and lautech its vital she completes her medical education in nigeria its less expensive much less expensive unless she will be getting citizen rates in new zealand,0,0
ok good then i later come find ü c lucky i told ü to go earlier later pple take finish ü no more again,0,0
k i will sent it again,0,0
winner as a valued network customer you have been selected to receivea £ prize reward to claim call claim code kl valid hours only,1,1
pls give her prometazine syrup mls then ltgt mins later feed,0,0
i dont know what to do to come out of this so only am ask questions like this dont mistake me,0,0
ha u jus ate honey ar so sweet,0,0
i called and said all to himthen he have to choose this future,0,0
life is nothing wen v get everything but life is everything wen v miss something real value of people wil be realized only in their absence gud mrng,0,0
convey my regards to him,0,0
hey what time is your driving on fri we go for evaluation on fri,0,0
sorry da i gone mad so many pending works what to do,0,0
call and send our girls into erotic ecstacy just pmin to stop texts call nat rate,1,1
i like to think theres always the possibility of being in a pub later,0,0
yes obviously but you are the eggspert and the potato head… speak soon,0,0
take care n get well soon,0,0
it vl bcum more difficult,0,0
i was just callin to say hi take care bruv,0,0
have your lunch and come quickly and open the door,0,0
oh thanks a loti already bought eggs,0,0
in the simpsons movie released in july name the band that died at the start of the film agreen day bblue day cred day send a b or c,1,0
but am going to college pa what to do are else ill come there it self pa,0,0
kit strip you have been billed p netcollex ltd po box ig oja,1,1
hows the champ just leaving glasgow,0,0
is toshiba portege m gd,0,0
